[
  { "fecha": "2025-09-19", "materiaId": "MAT-1",  "comision": "A", "alumnoId": 1,  "estado": "P" },
  { "fecha": "2025-09-19", "materiaId": "MAT-1",  "comision": "A", "alumnoId": 2,  "estado": "A" },
  { "fecha": "2025-09-19", "materiaId": "MAT-1",  "comision": "A", "alumnoId": 3,  "estado": "P" },
  { "fecha": "2025-09-19", "materiaId": "MAT-1",  "comision": "A", "alumnoId": 4,  "estado": "T" },

  { "fecha": "2025-09-18", "materiaId": "PROG-1", "comision": "B", "alumnoId": 1,  "estado": "P" },
  { "fecha": "2025-09-18", "materiaId": "PROG-1", "comision": "B", "alumnoId": 2,  "estado": "P" },
  { "fecha": "2025-09-18", "materiaId": "PROG-1", "comision": "B", "alumnoId": 5,  "estado": "J" },
  { "fecha": "2025-09-18", "materiaId": "PROG-1", "comision": "B", "alumnoId": 6,  "estado": "A" },

  { "fecha": "2025-09-17", "materiaId": "BD-1",   "comision": "C", "alumnoId": 3,  "estado": "P" },
  { "fecha": "2025-09-17", "materiaId": "BD-1",   "comision": "C", "alumnoId": 4,  "estado": "P" },

  { "fecha": "2025-09-19", "materiaId": "MAT-1",  "comision": "B", "alumnoId": 5,  "estado": "P" },
  { "fecha": "2025-09-19", "materiaId": "MAT-1",  "comision": "B", "alumnoId": 6,  "estado": "P" },
  { "fecha": "2025-09-19", "materiaId": "MAT-1",  "comision": "B", "alumnoId": 10, "estado": "A" },

  { "fecha": "2025-09-16", "materiaId": "PROG-1", "comision": "A", "alumnoId": 7,  "estado": "P" },
  { "fecha": "2025-09-16", "materiaId": "PROG-1", "comision": "A", "alumnoId": 8,  "estado": "P" },
  { "fecha": "2025-09-16", "materiaId": "PROG-1", "comision": "A", "alumnoId": 9,  "estado": "T" }
]